<manifest code="qin">
  <data>
    <code>qin</code>
    <version/>
  </data>
  <sobject expression="@SOBJECT(sthpw/project['code','qin'])" search_type="sthpw/project" unique="true"/>
  <sobject expression="@SOBJECT(sthpw/project['code','qin'].sthpw/project_type)" search_type="sthpw/project_type" unique="true"/>
  <sobject expression="@SOBJECT(sthpw/schema['code','qin'])" search_type="sthpw/schema" unique="true"/>
  <search_type code="qin/exam"/>
  <search_type code="qin/exam_info"/>
  <search_type code="qin/series"/>
  <search_type code="qin/series_info"/>
  <search_type code="qin/series_in_seriesgroup"/>
  <search_type code="qin/subject"/>
  <search_type code="qin/subject_info"/>
  <sobject search_type="config/custom_script" seq_max="60"/>
  <sobject search_type="config/widget_config" seq_max="97"/>
  <sobject search_type="config/naming" seq_max="35"/>
  <sobject search_type="config/client_trigger" seq_max="1"/>
  <sobject search_type="config/process" seq_max="130"/>
  <sobject search_type="config/trigger" seq_max="74"/>
  <sobject search_type="config/url" seq_max="1"/>
  <sobject expression="@SOBJECT(sthpw/login_group['project_code','qin'])" search_type="sthpw/login_group" unique="true"/>
  <sobject expression="@SOBJECT(sthpw/pipeline['project_code','qin'])" search_type="sthpw/pipeline" unique="true"/>
  <sobject expression="@SOBJECT(sthpw/notification['project_code','qin'])" search_type="sthpw/notification"/>
</manifest>
